USE venta_seguros;


INSERT INTO persona (DNI, Nombre, ApellidoP, ApellidoM, Fecha_nacimiento, Genero, Nacionalidad, Email) VALUES
(1, 'Juan', 'Pérez', 'González', '1990-05-15', 'M', 'Mexicana', 'juan.perez@example.com'),
(2, 'María', 'Martínez', 'López', '1985-09-23', 'F', 'Mexicana', 'maria.martinez@example.com'),
(3, 'Carlos', 'Sánchez', 'Rodríguez', '1988-12-10', 'M', 'Mexicana', 'carlos.sanchez@example.com'),
(4, 'Ana', 'García', 'Fernández', '1992-03-28', 'F', 'Española', 'ana.garcia@example.com'),
(5, 'Pedro', 'López', 'Hernández', '1987-07-03', 'M', 'Mexicana', 'pedro.lopez@example.com'),
(6, 'Laura', 'Díaz', 'Martínez', '1995-01-20', 'F', 'Mexicana', 'laura.diaz@example.com'),
(7, 'Pablo', 'Martín', 'Gómez', '1983-11-08', 'M', 'Española', 'pablo.martin@example.com'),
(8, 'Elena', 'Rodríguez', 'Pérez', '1980-06-17', 'F', 'Española', 'elena.rodriguez@example.com'),
(9, 'Diego', 'Ruiz', 'Sánchez', '1989-04-25', 'M', 'Mexicana', 'diego.ruiz@example.com'),
(10, 'Sofía', 'Gómez', 'Fernández', '1991-08-12', 'F', 'Española', 'sofia.gomez@example.com'),
(11, 'Luis', 'Torres', 'García', '1986-02-19', 'M', 'Mexicana', 'luis.torres@example.com'),
(12, 'Carmen', 'Ortega', 'López', '1993-06-30', 'F', 'Española', 'carmen.ortega@example.com'),
(13, 'Javier', 'Vázquez', 'Sánchez', '1984-09-05', 'M', 'Mexicana', 'javier.vazquez@example.com'),
(14, 'Paula', 'Reyes', 'González', '1997-04-14', 'F', 'Mexicana', 'paula.reyes@example.com'),
(15, 'Mario', 'Jiménez', 'Martínez', '1981-10-22', 'M', 'Española', 'mario.jimenez@example.com'),
(16, 'Raquel', 'Dominguez', 'Pérez', '1982-12-03', 'F', 'Española', 'raquel.dominguez@example.com'),
(17, 'Fernando', 'Ferrer', 'Santos', '1990-07-18', 'M', 'Mexicana', 'fernando.ferrer@example.com'),
(18, 'Marta', 'Iglesias', 'Hernández', '1988-05-09', 'F', 'Española', 'marta.iglesias@example.com'),
(19, 'José', 'Santana', 'Gómez', '1987-02-14', 'M', 'Española', 'jose.santana@example.com'),
(20, 'Isabel', 'Ramos', 'Martín', '1994-09-27', 'F', 'Española', 'isabel.ramos@example.com'),
(21, 'Gabriel', 'Blanco', 'Hernández', '1983-11-30', 'M', 'Mexicana', 'gabriel.blanco@example.com'),
(22, 'Lucía', 'Gutiérrez', 'Sánchez', '1996-03-08', 'F', 'Española', 'lucia.gutierrez@example.com'),
(23, 'Alberto', 'Crespo', 'Martínez', '1989-08-16', 'M', 'Española', 'alberto.crespo@example.com'),
(24, 'Cristina', 'Pascual', 'González', '1992-01-31', 'F', 'Española', 'cristina.pascual@example.com'),
(25, 'David', 'Ferrer', 'Romero', '1985-07-24', 'M', 'Española', 'david.ferrer@example.com'),
(26, 'Nerea', 'Diez', 'Sanz', '1984-04-03', 'F', 'Española', 'nerea.diez@example.com'),
(27, 'Óscar', 'Garrido', 'López', '1993-09-11', 'M', 'Española', 'oscar.garrido@example.com'),
(28, 'Celia', 'Vega', 'Ortega', '1990-11-28', 'F', 'Española', 'celia.vega@example.com'),
(29, 'Víctor', 'Marquez', 'Santana', '1987-06-06', 'M', 'Española', 'victor.marquez@example.com'),
(30, 'Miriam', 'Gimenez', 'Ortega', '1986-03-19', 'F', 'Española', 'miriam.gimenez@example.com'),
(31, 'Andrés', 'Carmona', 'García', '1991-05-02', 'M', 'Española', 'andres.carmona@example.com'),
(32, 'Esther', 'Durán', 'Fernández', '1988-08-09', 'F', 'Española', 'esther.duran@example.com'),
(33, 'Rubén', 'Calvo', 'Herrera', '1994-12-17', 'M', 'Española', 'ruben.calvo@example.com'),
(34, 'Adriana', 'Rojas', 'Gómez', '1995-02-20', 'F', 'Española', 'adriana.rojas@example.com'),
(35, 'Óscar', 'Soler', 'Navarro', '1983-10-07', 'M', 'Española', 'oscar.soler@example.com'),
(36, 'Lorena', 'Vicente', 'Sanchez', '1986-06-14', 'F', 'Española', 'lorena.vicente@example.com'),
(37, 'Alejandro', 'Gallardo', 'García', '1992-04-23', 'M', 'Española', 'alejandro.gallardo@example.com'),
(38, 'Mónica', 'Miralles', 'Mora', '1987-01-06', 'F', 'Española', 'monica.miralles@example.com'),
(39, 'Jorge', 'Lozano', 'López', '1990-08-03', 'M', 'Española', 'jorge.lozano@example.com'),
(40, 'Sara', 'Pérez', 'Sanz', '1984-03-10', 'F', 'Española', 'sara.perez@example.com');

INSERT INTO usuario (Usuario_ID, DNI, pasword) VALUES
('john_doe', 1, 'password1'),
('jane_smith', 2, 'password2'),
('bob_jones', 3, 'password3'),
('emily_wilson', 4, 'password4'),
('mike_brown', 5, 'password5'),
('sarah_miller', 6, 'password6'),
('chris_young', 7, 'password7'),
('lisa_davis', 8, 'password8'),
('kevin_anderson', 9, 'password9'),
('amanda_taylor', 10, 'password10'),
('daniel_clark', 11, 'password11'),
('laura_martinez', 12, 'password12'),
('ryan_harris', 13, 'password13'),
('natalie_white', 14, 'password14'),
('matt_thompson', 15, 'password15'),
('olivia_lee', 16, 'password16'),
('tyler_rodriguez', 17, 'password17'),
('jessica_martin', 18, 'password18'),
('alex_garcia', 19, 'password19'),
('samantha_robinson', 20, 'password20'),
('justin_hall', 21, 'password21'),
('ashley_wood', 22, 'password22'),
('brian_carter', 23, 'password23'),
('jennifer_king', 24, 'password24'),
('eric_murphy', 25, 'password25'),
('michelle_jackson', 26, 'password26'),
('jacob_torres', 27, 'password27'),
('kelly_adams', 28, 'password28'),
('patrick_evans', 29, 'password29'),
('hannah_thomas', 30, 'password30'),
('brandon_rivera', 31, 'password31'),
('elizabeth_ramirez', 32, 'password32'),
('nathan_cook', 33, 'password33'),
('stephanie_diaz', 34, 'password34'),
('adam_stewart', 35, 'password35'),
('lauren_perez', 36, 'password36'),
('jason_morris', 37, 'password37'),
('angela_ortiz', 38, 'password38'),
('gregory_cooper', 39, 'password39'),
('tiffany_nguyen', 40, 'password40');

INSERT INTO persona_telefono (Telefono, DNI) VALUES
(123456789, 1),
(234567890, 2),
(345678901, 3),
(456789012, 4),
(567890123, 5),
(678901234, 6),
(789012345, 7),
(890123456, 8),
(901234567, 9),
(102345678, 10),
(210987654, 11),
(323456789, 12),
(434567890, 13),
(545678901, 14),
(656789012, 15),
(767890123, 16),
(878901234, 17),
(989012345, 18),
(109123456, 19),
(112345678, 20),
(212345678, 21),
(312345678, 22),
(412345678, 23),
(512345678, 24),
(612345678, 25),
(712345678, 26),
(812345678, 27),
(912345678, 28),
(222345678, 29),
(322345678, 30),
(422345678, 31),
(522345678, 32),
(622345678, 33),
(722345678, 34),
(822345678, 35),
(922345678, 36),
(333345678, 37),
(433345678, 38),
(533345678, 39),
(633345678, 40);

INSERT INTO cliente (DNI_cliente, Direccion) VALUES
(1, 'Calle A, Ciudad X'),
(2, 'Calle B, Ciudad Y'),
(3, 'Calle C, Ciudad Z'),
(4, 'Calle D, Ciudad W'),
(5, 'Calle E, Ciudad V'),
(6, 'Calle F, Ciudad U'),
(7, 'Calle G, Ciudad T'),
(8, 'Calle H, Ciudad S'),
(9, 'Calle I, Ciudad R'),
(10, 'Calle J, Ciudad Q'),
(11, 'Calle K, Ciudad P'),
(12, 'Calle L, Ciudad O'),
(13, 'Calle M, Ciudad N'),
(14, 'Calle N, Ciudad X'),
(15, 'Calle O, Ciudad Y'),
(16, 'Calle P, Ciudad Z'),
(17, 'Calle Q, Ciudad W'),
(18, 'Calle R, Ciudad V'),
(19, 'Calle S, Ciudad U'),
(20, 'Calle T, Ciudad T'),
(21, 'Calle U, Ciudad S'),
(22, 'Calle V, Ciudad R'),
(23, 'Calle W, Ciudad Q'),
(24, 'Calle X, Ciudad P'),
(25, 'Calle Y, Ciudad O'),
(26, 'Calle Z, Ciudad N'),
(27, 'Calle 1, Ciudad M'),
(28, 'Calle 2, Ciudad L'),
(29, 'Calle 3, Ciudad K'),
(30, 'Calle 4, Ciudad J');

INSERT INTO sede (Direccion, Departamento) VALUES
('Avenida Principal 123', 'Lima'),
('Calle Secundaria 456', 'Lima'),
('Plaza Central 789', 'Arequipa'),
('Boulevard Norte 321', 'Arequipa'),
('Calle Este 654', 'Arequipa');


INSERT INTO personal (DNI_personal, Años_experiencia, Salario, Sede_ID) VALUES
(31, 5, 50000, 1),
(32, 3, 45000, 2),
(33, 7, 60000, 3),
(34, 2, 40000, 4),
(35, 4, 55000, 5),
(36, 6, 58000, 4),
(37, 8, 65000, 3),
(38, 3, 47000, 2),
(39, 5, 52000, 1),
(40, 4, 49000, 2);


INSERT INTO reclamos (Reclamo, Fecha, Hora, DNI_cliente) VALUES
('Mi reclamo es por un accidente automovilístico no cubierto por mi póliza.', '2023-12-15', '10:30:00', 1),
('No he recibido la compensación por el accidente sufrido el mes pasado.', '2023-11-20', '15:45:00', 2),
('El proceso de reclamación es demasiado complicado y lento.', '2023-10-18', '13:20:00', 3),
('Mi reclamo es por la negativa de la compañía a cubrir los gastos médicos.', '2023-09-25', '11:10:00', 4),
('El seguro de accidentes no ha cubierto los daños sufridos en mi hogar.', '2023-08-30', '09:25:00', 5),
('La indemnización ofrecida por el seguro es insuficiente para cubrir mis gastos.', '2023-07-12', '14:15:00', 6),
('No he recibido asistencia en carretera como se prometió en mi póliza.', '2023-06-05', '16:30:00', 7),
('Mi reclamo es por el retraso en el procesamiento de mi solicitud de indemnización.', '2023-05-17', '10:40:00', 8),
('El seguro no cubre los daños causados por fenómenos naturales.', '2023-04-22', '12:55:00', 9),
('No he recibido respuesta a mi reclamo sobre el accidente ocurrido la semana pasada.', '2023-03-30', '08:20:00', 10),
('El seguro de accidentes no ha reembolsado los gastos médicos como se prometió.', '2023-02-28', '17:00:00', 11),
('Mi reclamo es por la falta de comunicación sobre el estado de mi reclamación.', '2023-01-14', '09:35:00', 12),
('El seguro no cubre los daños causados por actividades deportivas.', '2023-12-19', '11:45:00', 12),
('Mi reclamo es por la negativa de la compañía a cubrir el robo de mi bicicleta.', '2023-11-28', '14:50:00', 13),
('El seguro de accidentes no ha cubierto los daños a mi propiedad.', '2023-10-20', '16:05:00', 14),
('No he recibido asesoramiento adecuado sobre cómo presentar mi reclamo.', '2023-09-18', '10:15:00', 15),
('El seguro no ha proporcionado la asistencia necesaria después de mi accidente.', '2023-08-10', '12:25:00', 16),
('Mi reclamo es por el rechazo injustificado de mi reclamo de seguro.', '2023-07-05', '08:45:00', 17),
('El proceso de reclamación en línea no funciona correctamente.', '2023-06-22', '09:55:00', 18),
('El seguro no ha reembolsado los gastos de rehabilitación después de mi accidente.', '2023-05-15', '13:00:00', 19);

INSERT INTO accidente (Registro, Fecha, Hora, DNI_cliente) VALUES
('Accidente de tráfico en la intersección principal.', '2023-12-15', '10:30:00', 1),
('Caída en el hogar mientras limpiaba las escaleras.', '2023-11-20', '15:45:00', 3),
('Colisión con un objeto fijo en el estacionamiento del supermercado.', '2023-10-18', '13:20:00', 6),
('Lesión en el gimnasio durante una clase de entrenamiento.', '2023-09-25', '11:10:00', 4),
('Caída de una bicicleta en el parque durante un paseo.', '2023-08-30', '09:25:00', 7),
('Accidente de tráfico en una carretera rural durante la noche.', '2023-07-12', '14:15:00', 11),
('Lesión en la cocina mientras manipulaba cuchillos.', '2023-06-05', '16:30:00', 12),
('Caída en el trabajo desde una escalera.', '2023-05-17', '10:40:00', 15),
('Colisión de vehículos en una calle concurrida del centro de la ciudad.', '2023-04-22', '12:55:00', 16),
('Lesión en un parque de deportes extremos mientras practicaba skateboarding.', '2023-03-30', '08:20:00', 18),
('Caída en la acera resbaladiza después de una lluvia.', '2023-02-28', '17:00:00', 19),
('Accidente de tráfico en una autopista debido a condiciones climáticas adversas.', '2023-01-14', '09:35:00', 21),
('Lesión en la piscina durante una fiesta.', '2023-12-19', '11:45:00', 21),
('Caída en un centro comercial debido a un charco de agua.', '2023-11-28', '14:50:00', 22),
('Colisión con un vehículo mientras conducía en una calle transitada.', '2023-10-20', '16:05:00', 23),
('Lesión en un parque de atracciones durante un juego.', '2023-09-18', '10:15:00', 24),
('Accidente de tráfico en una carretera rural debido a un animal en la vía.', '2023-08-10', '12:25:00', 28),
('Caída en una acera en mal estado.', '2023-07-05', '08:45:00', 28),
('Colisión con un objeto en la carretera mientras conducía de noche.', '2023-06-22', '09:55:00', 29),
('Lesión en una cancha de deportes durante un partido.', '2023-05-15', '13:00:00', 30);



INSERT INTO turno (DNI_personal, Fecha, Entrada, Salida) VALUES
(31, '2024-02-01', '08:00:00', '12:00:00'),
(32, '2024-02-01', '08:00:00', '17:00:00'),
(33, '2024-02-02', '13:00:00', '17:00:00'),
(34, '2024-02-02', '13:00:00', '17:00:00'),
(35, '2024-02-03', '08:00:00', '12:00:00'),
(36, '2024-02-03', '08:00:00', '17:00:00'),
(37, '2024-02-04', '13:00:00', '12:00:00'),
(38, '2024-02-04', '13:00:00', '17:00:00'),
(39, '2024-02-05', '08:00:00', '12:00:00'),
(40, '2024-02-05', '08:00:00', '17:00:00'),
(31, '2024-02-06', '13:00:00', '12:00:00'),
(32, '2024-02-06', '13:00:00', '17:00:00'),
(33, '2024-02-07', '08:00:00', '12:00:00'),
(34, '2024-02-07', '08:00:00', '17:00:00');




INSERT INTO vendedor (DNI_vendedor, Comision) VALUES
(31, 0.05),
(33, 0.07),
(35, 0.06),
(37, 0.08),
(39, 0.09);

INSERT INTO atencion_cliente (DNI_atencion_cliente) VALUES
(36),
(32),
(34),
(38),
(40);

INSERT INTO atencion_idioma (DNI_atencion_cliente, Idioma) VALUES
(32, 'español'),
(32, 'inglés'),
(34, 'español'),
(34, 'inglés'),
(36, 'español'),
(36, 'inglés'),
(38, 'español'),
(38, 'inglés'),
(40, 'español'),
(40, 'inglés');

INSERT INTO cliente_atendido (DNI_atencion_cliente, DNI_cliente) VALUES
(32, 1),
(32, 2),
(32, 3),
(32, 4),
(32, 5),
(32, 6),
(32, 7),
(34, 8),
(34, 9),
(34, 10),
(34, 11),
(36, 12),
(36, 13),
(36, 14),
(36, 15),
(36, 16),
(36, 17),
(36, 18),
(36, 19),
(38, 20),
(38, 21),
(38, 22),
(38, 23),
(40, 24),
(40, 25),
(40, 26),
(40, 27),
(40, 28),
(40, 29),
(40, 30);

INSERT INTO reclamo_atendido (DNI_atencion_cliente, Reclamo_ID) VALUES
(32, 1),
(32, 2),
(32, 3),
(34, 4),
(34, 5),
(34, 6),
(34, 7),
(34, 8),
(34, 9),
(36, 10),
(36, 11),
(38, 12),
(38, 13),
(38, 14),
(38, 15),
(38, 16),
(38, 17),
(40, 18),
(40, 19),
(40, 20);

INSERT INTO vendedor_cliente (DNI_vendedor, DNI_cliente) VALUES
(31, 1),
(31, 2),
(31, 3),
(31, 4),
(31, 5),
(33, 6),
(33, 7),
(33, 8),
(33, 9),
(35, 10),
(35, 11),
(35, 12),
(35, 13),
(35, 14),
(35, 15),
(35, 16),
(37, 17),
(37, 18),
(37, 19),
(39, 20),
(39, 21),
(39, 22),
(39, 23),
(39, 24),
(39, 25),
(37, 26),
(37, 27),
(39, 28),
(35, 29),
(33, 30);

INSERT INTO seguro_poliza (Precio, Terminos_condiciones, Nro_personas_aseguradas) VALUES
(100.00, 'Términos y condiciones para 1 persona.', 1),
(150.00, 'Términos y condiciones para 2 personas.', 2),
(200.00, 'Términos y condiciones para 3 personas.', 3),
(250.00, 'Términos y condiciones para 4 personas.', 4),
(300.00, 'Términos y condiciones para 5 personas.', 5);

INSERT INTO cobertura (Categoria, Cobertura) VALUES
(1, 'Lesiones'),
(1, 'Fracturas'),
(2, 'Cobertura para 2 personas'),
(3, 'Cobertura para 3 personas'),
(4, 'Cobertura para 4 personas'),
(5, 'Cobertura para 5 personas');

INSERT INTO contrato (DNI_cliente, Categoria, Monto, Inicio, Termino) VALUES
(1, 1, 1000.00, '2024-01-01', '2024-02-26'),
(2, 2, 800.00, '2024-02-15', '2024-02-27'),
(3, 3, 1200.00, '2024-03-10', '2024-02-28'),
(4, 4, 1500.00, '2024-04-05', '2024-02-19'),
(5, 5, 2000.00, '2024-05-20', '2024-11-20'),
(6, 1, 900.00, '2024-06-25', '2024-12-25'),
(7, 2, 850.00, '2024-07-30', '2025-01-30'),
(8, 3, 1300.00, '2024-08-10', '2025-02-10'),
(9, 4, 1600.00, '2024-09-15', '2025-03-15'),
(10, 5, 2100.00, '2024-10-20', '2025-04-20'),
(11, 1, 950.00, '2024-11-25', '2025-05-25'),
(12, 2, 900.00, '2024-12-30', '2025-06-30'),
(13, 3, 1400.00, '2025-01-05', '2025-07-05'),
(14, 4, 1700.00, '2025-02-10', '2025-08-10'),
(15, 5, 2200.00, '2025-03-15', '2025-09-15'),
(16, 1, 1000.00, '2025-04-20', '2025-10-20'),
(17, 2, 950.00, '2025-05-25', '2025-11-25'),
(18, 3, 1500.00, '2025-06-30', '2025-12-30'),
(19, 4, 1800.00, '2025-07-05', '2026-01-05'),
(20, 5, 2300.00, '2025-08-10', '2026-02-10'),
(21, 1, 1050.00, '2025-09-15', '2026-03-15'),
(22, 2, 1000.00, '2025-10-20', '2026-04-20'),
(23, 3, 1600.00, '2025-11-25', '2026-05-25'),
(24, 4, 1900.00, '2025-12-30', '2026-06-30'),
(25, 5, 2400.00, '2026-01-05', '2026-07-05'),
(26, 1, 1100.00, '2026-02-10', '2026-08-10'),
(27, 2, 1050.00, '2026-03-15', '2026-09-15'),
(28, 3, 1700.00, '2026-04-20', '2026-10-20'),
(30, 4, 2000.00, '2026-05-25', '2026-11-25');

